id,clientip,datetime_confirmed,method_GET,request,status_code,size,user_agent,referer_present
435,2.177.12.140,2019-01-22T08:56:43.000+05:30,POST,/image/59567/productModel/150x150 HTTP/11,200,6.0,"\"Mozilla/5.0 (Android 7.1.1;",Y
262636,2.177.12.155,2019-01-22T05:56:36.000+05:30,GET,/image/62423/productModel/150x150 HTTP/11,200,5.0,"\"Mozilla/5.0 (Android 7.1.1;",Y
83627,2.177.12.267,2019-01-22T10:56:25.000+05:30,GET,/image/64272/productModel/150x150 HTTP/11,200,4.0,"\"Mozilla/5.0 (Android 7.1.1;",Y
72831,2.177.12.291,2019-01-22T03:56:36.000+05:30,GET,/image/62423/productModel/150x150 HTTP/11,200,5.0,"\"Mozilla/5.0 (Android 7.1.1;",Y
31680,2.177.12.334,2019-01-22T05:56:36.000+05:30,GET,/image/62423/productModel/150x150 HTTP/11,200,5.0,"\"Mozilla/5.0 (Android 7.1.1;",Y
258808,2.177.12.381,2019-01-22T03:56:36.000+05:30,GET,/image/62423/productModel/150x150 HTTP/11,200,5.0,"\"Mozilla/5.0 (Android 7.1.1;",Y
57519,2.177.12.554,2019-01-22T03:56:36.000+05:30,GET,/image/62423/productModel/150x150 HTTP/11,200,5.0,"\"Mozilla/5.0 (Android 7.1.1;",Y
134986,2.177.12.576,2019-01-22T06:56:25.000+05:30,GET,/image/64272/productModel/150x150 HTTP/11,200,4.0,"\"Mozilla/5.0 (Android 7.1.1;",Y
194958,2.177.12.588,2019-01-22T09:56:25.000+05:30,GET,/image/64272/productModel/150x150 HTTP/11,200,4.0,"\"Mozilla/5.0 (Android 7.1.1;",Y
315590,2.177.12.6,2019-01-22T00:56:36.000+05:30,GET,/image/62423/productModel/150x150 HTTP/11,200,5.0,"\"Mozilla/5.0 (Android 7.1.1;",Y
140459,2.177.12.72,2019-01-22T11:56:36.000+05:30,GET,/image/62423/productModel/150x150 HTTP/11,200,5.0,"\"Mozilla/5.0 (Android 7.1.1;",Y
259446,2.177.12.720,2019-01-22T11:56:36.000+05:30,GET,/image/62423/productModel/150x150 HTTP/11,200,5.0,"\"Mozilla/5.0 (Android 7.1.1;",Y
122545,2.177.12.825,2019-01-22T08:56:25.000+05:30,GET,/image/64272/productModel/150x150 HTTP/11,200,4.0,"\"Mozilla/5.0 (Android 7.1.1;",Y
290379,2.179.141.108,2019-01-22T04:56:32.000+05:30,POST,/ajaxFilter/p65b1page1 HTTP/11,200,5.0,"\"Mozilla/5.0 (Windows NT 6.1",Y
240615,2.179.141.269,2019-01-22T04:56:32.000+05:30,POST,/ajaxFilter/p65b1page1 HTTP/11,200,5.0,"\"Mozilla/5.0 (Windows NT 6.1",Y
188937,2.179.141.347,2019-01-22T11:56:32.000+05:30,POST,/ajaxFilter/p65b1page1 HTTP/11,200,5.0,"\"Mozilla/5.0 (Windows NT 6.1",Y
153209,2.179.141.521,2019-01-22T11:56:32.000+05:30,POST,/ajaxFilter/p65b1page1 HTTP/11,200,5.0,"\"Mozilla/5.0 (Windows NT 6.1",Y
43792,2.179.141.700,2019-01-22T04:56:32.000+05:30,POST,/ajaxFilter/p65b1page1 HTTP/11,200,5.0,"\"Mozilla/5.0 (Windows NT 6.1",Y
34110,204.18.198.248,2019-01-10T08:57:11.000+05:30,POST,/settings/logo HTTP/11,200,4.0,"\"Mozilla/5.0 (iPhone; CPU",Y
18160,204.18.198.248,2019-01-25T00:57:11.000+05:30,POST,/settings/logo HTTP/11,200,4.0,"\"Mozilla/5.0 (iPhone; CPU",Y
134917,204.18.198.685,2019-01-22T10:57:11.000+05:30,GET,/image/30782namegastroback21jpgwhmax HTTP/11,200,30.0,"\"Mozilla/5.0 (iPhone; CPU",Y
276872,204.18.198.733,2019-01-22T02:57:11.000+05:30,GET,/image/30782namegastroback21jpgwhmax HTTP/11,200,30.0,"\"Mozilla/5.0 (iPhone; CPU",Y
168412,204.18.198.967,2019-01-22T02:57:11.000+05:30,GET,/image/30782namegastroback21jpgwhmax HTTP/11,200,30.0,"\"Mozilla/5.0 (iPhone; CPU",Y
116096,204.18.198.994,2019-01-22T05:57:11.000+05:30,GET,/image/30782namegastroback21jpgwhmax HTTP/11,200,30.0,"\"Mozilla/5.0 (iPhone; CPU",Y
196334,207.46.13.466,2019-01-22T00:56:47.000+05:30,GET,/filter/b1b103b105b109b111b113b135b144b176b186b221b261b291b321b454b52b598b647b656b723b77b83 HTTP/11,200,38.0,"\"Mozilla/5.0 (compatible; bingbot/2.0;",N
100315,207.46.13.76,2019-01-22T00:56:47.000+05:30,GET,/filter/b1b103b105b109b111b113b135b144b176b186b221b261b291b321b454b52b598b647b656b723b77b83 HTTP/11,200,38.0,"\"Mozilla/5.0 (compatible; bingbot/2.0;",N
211646,207.46.13.825,2019-01-22T05:56:47.000+05:30,GET,/filter/b1b103b105b109b111b113b135b144b176b186b221b261b291b321b454b52b598b647b656b723b77b83 HTTP/11,200,38.0,"\"Mozilla/5.0 (compatible; bingbot/2.0;",N
51508,207.46.13.849,2019-01-22T03:56:47.000+05:30,GET,/filter/b1b103b105b109b111b113b135b144b176b186b221b261b291b321b454b52b598b647b656b723b77b83 HTTP/11,200,38.0,"\"Mozilla/5.0 (compatible; bingbot/2.0;",N
71376,31.56.96.209,2019-01-22T11:56:59.000+05:30,GET,/image/60814/productModel/200x200 HTTP/11,200,6.0,"\"Mozilla/5.0 (Linux; Android 6.0",Y
226091,31.56.96.302,2019-01-22T10:56:59.000+05:30,GET,/image/60814/productModel/200x200 HTTP/11,200,6.0,"\"Mozilla/5.0 (Linux; Android 6.0",Y
168671,31.56.96.454,2019-01-22T06:56:59.000+05:30,GET,/image/60814/productModel/200x200 HTTP/11,200,6.0,"\"Mozilla/5.0 (Linux; Android 6.0",Y
273303,31.56.96.654,2019-01-22T11:56:59.000+05:30,GET,/image/60814/productModel/200x200 HTTP/11,200,6.0,"\"Mozilla/5.0 (Linux; Android 6.0",Y
214926,31.56.96.94,2019-01-22T11:56:59.000+05:30,GET,/image/60814/productModel/200x200 HTTP/11,200,6.0,"\"Mozilla/5.0 (Linux; Android 6.0",Y
310626,31.56.96.975,2019-01-22T03:56:59.000+05:30,GET,/image/60814/productModel/200x200 HTTP/11,200,6.0,"\"Mozilla/5.0 (Linux; Android 6.0",Y
135265,40.77.167.174,2019-01-22T04:56:18.000+05:30,GET,/image/57710/productModel/100x100 HTTP/11,200,2.0,"\"Mozilla/5.0 (compatible; bingbot/2.0;",N
114530,40.77.167.286,2019-01-22T05:56:18.000+05:30,GET,/image/57710/productModel/100x100 HTTP/11,200,2.0,"\"Mozilla/5.0 (compatible; bingbot/2.0;",N
211825,40.77.167.54,2019-01-22T11:56:18.000+05:30,GET,/image/57710/productModel/100x100 HTTP/11,200,2.0,"\"Mozilla/5.0 (compatible; bingbot/2.0;",N
90286,40.77.167.58,2019-01-22T07:56:18.000+05:30,GET,/image/57710/productModel/100x100 HTTP/11,200,2.0,"\"Mozilla/5.0 (compatible; bingbot/2.0;",N
266693,40.77.167.7,2019-01-22T03:56:18.000+05:30,GET,/image/57710/productModel/100x100 HTTP/11,200,2.0,"\"Mozilla/5.0 (compatible; bingbot/2.0;",N
302102,40.77.167.843,2019-01-22T02:56:18.000+05:30,GET,/image/57710/productModel/100x100 HTTP/11,200,2.0,"\"Mozilla/5.0 (compatible; bingbot/2.0;",N
265736,40.77.167.988,2019-01-22T11:56:18.000+05:30,GET,/image/57710/productModel/100x100 HTTP/11,200,2.0,"\"Mozilla/5.0 (compatible; bingbot/2.0;",N
27025,5.209.200.167,2019-01-22T00:56:59.000+05:30,GET,/image/99/brand HTTP/11,200,2.0,"\"Mozilla/5.0 (Linux; Android 5.1.1",Y
227317,5.209.200.298,2019-01-22T10:56:55.000+05:30,GET,/static/images/guarantees/warrantypng HTTP/11,200,6.0,"\"Mozilla/5.0 (Linux; Android 5.1.1",Y
9480,5.209.200.405,2019-01-22T02:56:59.000+05:30,GET,/image/99/brand HTTP/11,200,2.0,"\"Mozilla/5.0 (Linux; Android 5.1.1",Y
242669,5.209.200.555,2019-01-22T02:56:59.000+05:30,GET,/image/99/brand HTTP/11,200,2.0,"\"Mozilla/5.0 (Linux; Android 5.1.1",Y
179148,5.209.200.594,2019-01-22T08:56:55.000+05:30,GET,/static/images/guarantees/warrantypng HTTP/11,200,6.0,"\"Mozilla/5.0 (Linux; Android 5.1.1",Y
199883,5.209.200.762,2019-01-22T05:56:55.000+05:30,GET,/static/images/guarantees/warrantypng HTTP/11,200,6.0,"\"Mozilla/5.0 (Linux; Android 5.1.1",Y
78025,5.209.200.790,2019-01-22T06:56:55.000+05:30,GET,/static/images/guarantees/warrantypng HTTP/11,200,6.0,"\"Mozilla/5.0 (Linux; Android 5.1.1",Y
60500,5.211.97.10,2019-01-22T09:56:57.000+05:30,GET,/image/2145/productModel/200x200 HTTP/11,200,6.0,"\"Mozilla/5.0 (iPhone; CPU",Y
61188,5.211.97.171,2019-01-22T00:57:02.000+05:30,GET,/m/filter/p252Cb103 HTTP/11,200,19.0,"\"Mozilla/5.0 (iPhone; CPU",Y
281936,5.211.97.173,2019-01-22T06:57:02.000+05:30,GET,/m/filter/p252Cb103 HTTP/11,200,19.0,"\"Mozilla/5.0 (iPhone; CPU",Y
100425,5.211.97.221,2019-01-22T08:57:02.000+05:30,GET,/m/filter/p252Cb103 HTTP/11,200,19.0,"\"Mozilla/5.0 (iPhone; CPU",Y
5710,5.211.97.39,2019-01-22T08:57:08.000+05:30,POST,/image/33/brand HTTP/11,200,2.0,"\"Mozilla/5.0 (iPhone; CPU",Y
4034,5.211.97.39,2019-01-22T10:56:57.000+05:30,POST,/image/61048/productModel/200x200 HTTP/11,200,7.0,"\"Mozilla/5.0 (iPhone; CPU",Y
33054,5.211.97.39,2019-01-23T08:56:56.000+05:30,POST,/m/browse/meatgrinder/DA86D8B1D8AEDAAFD988D8B4D8AA HTTP/11,200,19.0,"\"Mozilla/5.0 (iPhone; CPU",Y
263,5.211.97.39,2019-01-26T03:57:03.000+05:30,GET,/image/2080/productModel/200x200 HTTP/11,200,5.0,"\"Mozilla/5.0 (iPhone; CPU",Y
249667,5.211.97.461,2019-01-22T07:56:57.000+05:30,GET,/image/2145/productModel/200x200 HTTP/11,200,6.0,"\"Mozilla/5.0 (iPhone; CPU",Y
314743,5.211.97.487,2019-01-22T08:56:57.000+05:30,GET,/image/2145/productModel/200x200 HTTP/11,200,6.0,"\"Mozilla/5.0 (iPhone; CPU",Y
178261,5.211.97.672,2019-01-22T10:57:02.000+05:30,GET,/m/filter/p252Cb103 HTTP/11,200,19.0,"\"Mozilla/5.0 (iPhone; CPU",Y
231165,5.211.97.712,2019-01-22T06:56:57.000+05:30,GET,/image/2145/productModel/200x200 HTTP/11,200,6.0,"\"Mozilla/5.0 (iPhone; CPU",Y
5632,5.211.97.890,2019-01-22T11:56:57.000+05:30,GET,/image/2145/productModel/200x200 HTTP/11,200,6.0,"\"Mozilla/5.0 (iPhone; CPU",Y
103246,5.211.97.952,2019-01-22T04:56:57.000+05:30,GET,/image/2145/productModel/200x200 HTTP/11,200,6.0,"\"Mozilla/5.0 (iPhone; CPU",Y
160566,5.62.206.608,2019-01-14T01:56:40.000+05:30,GET,/image/34187namem12a1jpgwh200x200 HTTP/11,200,5.0,"\"Dalvik/2.1.0 (Linux; U;",N
265836,5.62.206.694,2019-01-26T03:56:40.000+05:30,GET,/image/34187namem12a1jpgwh200x200 HTTP/11,200,5.0,"\"Dalvik/2.1.0 (Linux; U;",N
144028,5.78.198.176,2019-01-22T10:56:49.000+05:30,GET,/m/filter/p62page1 HTTP/11,200,19.0,"\"Mozilla/5.0 (Linux; Android 8.0.0",Y
52794,5.78.198.233,2019-01-22T03:56:49.000+05:30,GET,/m/filter/p62page1 HTTP/11,200,19.0,"\"Mozilla/5.0 (Linux; Android 8.0.0",Y
264829,5.78.198.256,2019-01-22T08:56:28.000+05:30,POST,/m/updateVariation__amp_source_originhttps3A2F2Fwwwzanbilir HTTP/11,200,0.0,"\"Mozilla/5.0 (Linux; Android 8.0.0",Y
240904,5.78.198.400,2019-01-22T06:56:28.000+05:30,POST,/m/updateVariation__amp_source_originhttps3A2F2Fwwwzanbilir HTTP/11,200,0.0,"\"Mozilla/5.0 (Linux; Android 8.0.0",Y
257911,5.78.198.576,2019-01-22T02:56:49.000+05:30,GET,/m/filter/p62page1 HTTP/11,200,19.0,"\"Mozilla/5.0 (Linux; Android 8.0.0",Y
287259,5.78.198.583,2019-01-22T10:56:49.000+05:30,GET,/m/filter/p62page1 HTTP/11,200,19.0,"\"Mozilla/5.0 (Linux; Android 8.0.0",Y
282374,5.78.198.714,2019-01-22T06:56:28.000+05:30,POST,/m/updateVariation__amp_source_originhttps3A2F2Fwwwzanbilir HTTP/11,200,0.0,"\"Mozilla/5.0 (Linux; Android 8.0.0",Y
85870,5.78.198.750,2019-01-22T08:56:28.000+05:30,POST,/m/updateVariation__amp_source_originhttps3A2F2Fwwwzanbilir HTTP/11,200,0.0,"\"Mozilla/5.0 (Linux; Android 8.0.0",Y
282055,5.78.198.83,2019-01-22T06:56:28.000+05:30,POST,/m/updateVariation__amp_source_originhttps3A2F2Fwwwzanbilir HTTP/11,200,0.0,"\"Mozilla/5.0 (Linux; Android 8.0.0",Y
9410,5.78.198.830,2019-01-22T03:56:49.000+05:30,GET,/m/filter/p62page1 HTTP/11,200,19.0,"\"Mozilla/5.0 (Linux; Android 8.0.0",Y
271628,5.78.198.903,2019-01-22T06:56:49.000+05:30,GET,/m/filter/p62page1 HTTP/11,200,19.0,"\"Mozilla/5.0 (Linux; Android 8.0.0",Y
17126,54.36.148.113,2019-01-14T01:56:58.000+05:30,GET,/filter/p42stexistst51v1D985D8B4DAA9DB8C20D8B3D981DB8CD8AF HTTP/11,200,31.0,"\"Mozilla/5.0 (compatible; AhrefsBot/6.1;",N
1446,54.36.148.161,2019-01-22T08:56:50.000+05:30,POST,/filter/p282Cv17CD8B3D981DB8CD8AF20D982D8B1D985D8B2ov1 HTTP/11,302,0.0,"\"Mozilla/5.0 (compatible; AhrefsBot/6.1;",N
261699,54.36.148.189,2019-01-22T06:56:44.000+05:30,GET,/filter/p442Cv17CD8A2D984D8A8D8A7D984D988DB8CDB8C2Cv17CD8AED8A7DAA9D8B3D8AAD8B1DB8C HTTP/11,200,32.0,"\"Mozilla/5.0 (compatible; AhrefsBot/6.1;",N
438,54.36.148.599,2019-01-22T00:56:44.000+05:30,GET,/filter/p442Cv17CD8A2D984D8A8D8A7D984D988DB8CDB8C2Cv17CD8AED8A7DAA9D8B3D8AAD8B1DB8C HTTP/11,200,32.0,"\"Mozilla/5.0 (compatible; AhrefsBot/6.1;",N
83797,54.36.148.620,2019-01-27T02:56:58.000+05:30,GET,/filter/p42stexistst51v1D985D8B4DAA9DB8C20D8B3D981DB8CD8AF HTTP/11,200,31.0,"\"Mozilla/5.0 (compatible; AhrefsBot/6.1;",N
214906,54.36.148.688,2019-01-22T11:56:58.000+05:30,GET,/filter/p42stexistst51v1D985D8B4DAA9DB8C20D8B3D981DB8CD8AF HTTP/11,200,31.0,"\"Mozilla/5.0 (compatible; AhrefsBot/6.1;",N
296889,54.36.148.859,2019-01-30T04:56:58.000+05:30,GET,/filter/p42stexistst51v1D985D8B4DAA9DB8C20D8B3D981DB8CD8AF HTTP/11,200,31.0,"\"Mozilla/5.0 (compatible; AhrefsBot/6.1;",N
38090,66.111.54.207,2019-01-22T11:56:45.000+05:30,GET,/image/99/brand HTTP/11,200,2.0,"\"Mozilla/5.0 (Linux; Android 5.0",Y
309499,66.111.54.244,2019-01-22T11:56:29.000+05:30,GET,/static/css/font/wyekan/fontwoff HTTP/11,200,28.0,"\"Mozilla/5.0 (Linux; Android 5.0",Y
4609,66.111.54.249,2019-01-22T10:56:46.000+05:30,POST,/image/20/brand HTTP/11,200,2.0,"\"Mozilla/5.0 (Linux; Android 5.0",Y
5246,66.111.54.249,2019-01-25T03:56:46.000+05:30,GET,/image/886/brand HTTP/11,200,4.0,"\"Mozilla/5.0 (Linux; Android 5.0",Y
1418,66.111.54.249,2019-01-26T03:56:46.000+05:30,GET,/image/886/brand HTTP/11,200,4.0,"\"Mozilla/5.0 (Linux; Android 5.0",Y
4289,66.111.54.249,2019-01-30T03:56:46.000+05:30,GET,/image/886/brand HTTP/11,200,4.0,"\"Mozilla/5.0 (Linux; Android 5.0",Y
275426,66.111.54.275,2019-01-22T00:56:45.000+05:30,GET,/image/99/brand HTTP/11,200,2.0,"\"Mozilla/5.0 (Linux; Android 5.0",Y
49833,66.111.54.279,2019-01-22T01:56:29.000+05:30,GET,/static/css/font/wyekan/fontwoff HTTP/11,200,28.0,"\"Mozilla/5.0 (Linux; Android 5.0",Y
388,66.111.54.388,2019-01-22T05:56:29.000+05:30,GET,/static/css/font/wyekan/fontwoff HTTP/11,200,28.0,"\"Mozilla/5.0 (Linux; Android 5.0",Y
249707,66.111.54.455,2019-01-22T01:57:02.000+05:30,GET,/static/images/amp/instagrampng HTTP/11,200,7.0,"\"Mozilla/5.0 (Linux; Android 5.0",Y
189555,66.111.54.472,2019-01-22T00:56:29.000+05:30,GET,/static/css/font/wyekan/fontwoff HTTP/11,200,28.0,"\"Mozilla/5.0 (Linux; Android 5.0",Y
166587,66.111.54.56,2019-01-22T11:56:29.000+05:30,GET,/static/css/font/wyekan/fontwoff HTTP/11,200,28.0,"\"Mozilla/5.0 (Linux; Android 5.0",Y
147766,66.111.54.617,2019-01-22T10:56:29.000+05:30,GET,/static/css/font/wyekan/fontwoff HTTP/11,200,28.0,"\"Mozilla/5.0 (Linux; Android 5.0",Y
270123,66.111.54.679,2019-01-22T06:57:02.000+05:30,GET,/static/images/amp/instagrampng HTTP/11,200,7.0,"\"Mozilla/5.0 (Linux; Android 5.0",Y
57031,66.111.54.773,2019-01-22T05:57:02.000+05:30,GET,/static/images/amp/instagrampng HTTP/11,200,7.0,"\"Mozilla/5.0 (Linux; Android 5.0",Y
248630,66.111.54.81,2019-01-22T11:56:45.000+05:30,GET,/image/99/brand HTTP/11,200,2.0,"\"Mozilla/5.0 (Linux; Android 5.0",Y
65963,66.111.54.819,2019-01-22T05:57:02.000+05:30,GET,/static/images/amp/instagrampng HTTP/11,200,7.0,"\"Mozilla/5.0 (Linux; Android 5.0",Y
